{"N": [34.55517660964626, 132.00500959053423, 29.72427893317279], "S": [[0.8127996330014209, 0.6206195537172645, 8.390143571694278, 12.051276062430198, 7.917278397445884], [-1.2446570718679588, -23.432349193603425, -69.8401841000652, -92.81867390863532, 10.132695980634784], [-0.23533401787656058, 31.94600042381555, 60.93164276511749, 20.474162833590118, -7.569344615674887]], "SS": [[0.8729681449942935, 0.22526856930969263, 0.11023748320069209, 1.7925786817276426, 10.192327153547943], [25.187115032122477, 3.3494874527640532, 29.316945786148572, 91.82735785351312, 53.601140526392484], [1.3803839026117843e-235, 1.1980402984192947e-235, 2.0948712086112044e-236, 1.3585665060999662e-234, 4.741726644585238e-234]], "trans_counts": [[86.41824944761323, 1.942765541259473, 0.8118218106457296], [2.047846676364111, 87.09950966320056, 0.025480459953695772], [3.9909500090995302, 5.007626463949415e-67, 85.18188679041883]], "feat_mean": [-1.1007887004134779e-05, 3.0435624292941893e-06, 0.0022949688230295092, 21.186624572561268, 51.17028182354671], "feat_var": [2.507194406579424e-06, 9.480794581125763e-11, 9.621206962247398e-07, 94.66393436178507, 99.90266707143928], "feat_count": 196.2844651333532, "total_bars_seen": 153, "bars_since_update": 153, "SX": [[[31.179617590943725, 0.20299805287406664, 0.015039156241232582, 0.044747977797855935, 12.794052902092794], [0.20299805287406664, 0.7850386615648998, 1.688807455822967, 0.2819531851106503, 0.9426777127920872], [0.015039156241232777, 1.688807455822967, 10.086903371295966, 0.3692794533171232, -1.2098379893665887], [0.044747977797855804, 0.28195318511065, 0.3692794533171232, 36.73277134628478, 4.328258862211332], [12.794052902092794, 0.9426777127920872, -1.2098379893665887, 4.328258862211332, 45.92137423444015]], [[33.58607083867346, 0.39525200065649646, 0.1521265067362779, 0.7077696662177317, 19.423072591074693], [0.39525200065649646, 4.8523519190637865, 14.490458474647406, 19.164889414027193, -0.9039446435313183], [0.1521265067362779, 14.490458474647406, 49.414163444771404, 54.49860388784327, -6.429382732405401], [0.7077696662177317, 19.164889414027193, 54.49860388784327, 110.55686353251372, -8.879274001498125], [19.423072591074693, -0.9039446435313183, -6.429382732405401, -8.879274001498125, 71.39750941821927]], [[123.84473622610219, -0.17031589544073006, -0.3908959417341454, -1.0899368709915362, 28.91353102063983], [-0.17031589544073006, 298.3606515951497, 141.97235187947246, 48.53501779358298, -17.406542330354792], [-0.3908959417341454, 141.97235187947246, 168.80877418026728, 50.874278952741605, -21.668672716396898], [-1.0899368709915362, 48.53501779358298, 50.874278952741605, 54.522400947952804, -16.511463483061128], [28.91353102063983, -17.406542330354792, -21.668672716396898, -16.511463483061128, 54.955890955421516]]]}